metric	method	statistic	p_value	q_value
shannon	Kruskal-Wallis	3.2800062625091755	0.19397943489094552	0.19397943489094552
observed_richness	Kruskal-Wallis	3.84265787854114	0.14641225978348854	0.19397943489094552
